11a10.xls, Sheet1, 0, data_8789247131031831.xls, Sheet1, 0, 1
11a10.xls, Sheet1, 1, data_8789247131031831.xls, Sheet1, 1, 1
11a10.xls, Sheet1, 2, data_8789247131031831.xls, Sheet1, 2, 1
11a10.xls, Sheet1, 3, data_8789247131031831.xls, Sheet1, 3, 1
11a10.xls, Sheet1, 4, data_8789247131031831.xls, Sheet1, 4, 1
11a10.xls, Sheet1, 5, data_8789247131031831.xls, Sheet1, 5, 1
11a10.xls, Sheet1, 6, data_8789247131031831.xls, Sheet1, 6, 1
11a10.xls, Sheet1, 7, data_8789247131031831.xls, Sheet1, 7, 1
11a10.xls, Sheet1, 8, data_8789247131031831.xls, Sheet1, 8, 1
11a10.xls, Sheet1, 9, data_8789247131031831.xls, Sheet1, 9, 1
11a10.xls, Sheet1, 10, data_8789247131031831.xls, Sheet1, 10, 1
11a10.xls, Sheet1, 11, data_8789247131031831.xls, Sheet1, 11, 1
11a10.xls, Sheet1, 12, data_8789247131031831.xls, Sheet1, 12, 1
11a10.xls, Sheet1, 13, data_8789247131031831.xls, Sheet1, 13, 1
